pest,quarantine_status,rank_entry,hv_entry,rank_establishment,hv_establishment,rank_invasion,hv_invasion,rank_impact,hv_impact
Acleris gloverana,Other quarantine,28,0.039688921,6,0.705573989,29,0.029030417,5,0.484011225
Acleris variana,Other quarantine,26,0.056074507,11,0.607432391,28,0.029305615,5,0.484011225
Acrobasis pyrivorella,Other quarantine,32,0.021770699,21,0.262780325,42,0.003680345,26,0.102467212
Aculops fuchsiae,RNQP,10,0.290325809,27,0.091946273,19,0.051875166,43,0.016958813
Acute Oak Decline,Other non-quarantine,29,0.022357727,16,0.441297994,30,0.01624753,7,0.408306945
Agrilus anxius,Priority,26,0.056074507,4,0.764157545,26,0.041784318,1,0.928572591
Agrilus auroguttatus,Other non-quarantine,29,0.022357727,21,0.262780325,38,0.008137847,9,0.329198163
Agrilus planipennis,Priority,9,0.353318257,6,0.705573989,10,0.239392052,4,0.640131408
Aleurocanthus spiniferus,Other quarantine,6,0.737464594,27,0.091946273,18,0.067972551,53,0.005465422
Aleurocanthus woglumi,Other quarantine,7,0.529675259,27,0.091946273,19,0.051875166,53,0.005465422
Alternaria gaisen,Other non-quarantine,27,0.029060581,25,0.144089069,42,0.003680345,45,0.016759998
Alternaria mali,Other non-quarantine,27,0.029060581,22,0.289056026,33,0.007517891,23,0.146766496
Amauromyza maculosa,Other quarantine,18,0.142503749,18,0.444269944,21,0.048555267,28,0.088181152
American plum line pattern virus,Other quarantine,27,0.029060581,9,0.599838437,29,0.029030417,47,0.016757489
Anastrepha fraterculus,Other quarantine,22,0.097728675,27,0.091946273,33,0.007517891,54,0.005426822
Andean potato latent virus,Other quarantine,26,0.056074507,7,0.681050022,26,0.041784318,21,0.152340631
Andean potato mottle virus,Other quarantine,24,0.076519267,8,0.40493129,25,0.051126318,19,0.184771932
Anisogramma anomala,Other quarantine,36,0.016413208,12,0.551698569,36,0.008554209,17,0.169988202
Anoplophora chinensis,Priority,18,0.142503749,24,0.161782953,27,0.033297434,15,0.218177274
Anoplophora glabripennis,Priority,8,0.39570142,13,0.526209707,11,0.257513352,8,0.383837189
Anthonomus bisignifer,Other quarantine,24,0.076519267,16,0.441297994,27,0.033297434,25,0.111335013
Anthonomus eugenii,Priority,35,0.012289304,23,0.183234528,54,0.000370289,23,0.146766496
Anthonomus quadrigibbus,Other quarantine,29,0.022357727,6,0.705573989,28,0.029305615,30,0.06924495
Anthonomus signatus,Other quarantine,19,0.138222617,15,0.467050143,20,0.08287184,25,0.111335013
Aphelenchoides besseyi,RNQP,9,0.353318257,24,0.161782953,17,0.086704249,33,0.052836155
Apiosporina morbosa,Other quarantine,38,0.01616994,14,0.317692347,39,0.007728808,37,0.040220175
Aromia bungii,Priority,23,0.068292112,8,0.40493129,26,0.041784318,18,0.162460267
Arracacha virus B oca strain,Other quarantine,30,0.031818534,8,0.40493129,31,0.014126919,24,0.128602013
Arrhenodes minutus,Other quarantine,27,0.029060581,12,0.551698569,29,0.029030417,18,0.162460267
Aschistonyx eppoi,Other quarantine,45,0.005872774,23,0.183234528,60,0,44,0.016881705
Atropellis pinicola,Other quarantine,32,0.021770699,11,0.607432391,35,0.010428073,9,0.329198163
Atropellis piniphila,Other quarantine,32,0.021770699,6,0.705573989,33,0.007517891,9,0.329198163
Bactericera cockerelli,Priority,28,0.039688921,5,0.742543799,29,0.029030417,6,0.475537291
Bactrocera cucurbitae,Other quarantine,26,0.056074507,27,0.091946273,40,0.004530649,53,0.005465422
Bactrocera dorsalis,Priority,15,0.199799178,19,0.368951604,20,0.08287184,16,0.199837244
Bactrocera tryoni,Other quarantine,28,0.039688921,20,0.352700607,34,0.011659839,20,0.134267357
Bean golden mosaic virus,Other quarantine,42,0.009465615,29,0.043175871,60,0,42,0.016932861
Beet curly top virus (non-European isolates),Other quarantine,36,0.016413208,15,0.467050143,41,0.003625073,21,0.152340631
Beet leaf curl virus,Other non-quarantine,43,0.009357766,15,0.467050143,46,0.00232969,40,0.026912189
Beet necrotic yellow vein virus,Protected zone,14,0.221569519,6,0.705573989,13,0.189545914,32,0.068841864
Bemisia tabaci (non-European populations),Other quarantine,1,0.985171117,1,0.930983064,2,0.95973177,14,0.248989043
Blitopertha orientalis,Other quarantine,19,0.138222617,19,0.368951604,24,0.057353535,9,0.329198163
Blueberry leaf mottle virus,Other quarantine,33,0.013912688,9,0.599838437,40,0.004530649,33,0.052836155
Blueberry scorch virus,RNQP,10,0.290325809,8,0.40493129,11,0.257513352,24,0.128602013
Botryosphaeria kuwatsukai,Other quarantine,30,0.031818534,23,0.183234528,38,0.008137847,24,0.128602013
Bretziella fagacearum,Other quarantine,27,0.029060581,9,0.599838437,28,0.029305615,5,0.484011225
Burkholderia caryophylli,Other non-quarantine,21,0.109024157,24,0.161782953,30,0.01624753,49,0.016672312
Bursaphelenchus xylophilus,Priority,19,0.138222617,10,0.581944636,20,0.08287184,17,0.169988202
Cacoecimorpha pronubana,Other non-quarantine,12,0.266502632,4,0.764157545,13,0.189545914,19,0.184771932
Cacyreus marshalli,Other non-quarantine,9,0.353318257,17,0.444134548,13,0.189545914,23,0.146766496
Carposina niponensis,Other quarantine,25,0.065574627,12,0.551698569,26,0.041784318,23,0.146766496
Chaetosiphon fragaefolii,RNQP,5,0.831558002,21,0.262780325,10,0.239392052,22,0.165026865
Cherry leaf roll virus,RNQP,25,0.065574627,4,0.764157545,24,0.057353535,27,0.097332883
Cherry rasp leaf virus,Other quarantine,37,0.016322456,12,0.551698569,39,0.007728808,23,0.146766496
Choristoneura conflictana,Other quarantine,30,0.031818534,6,0.705573989,31,0.014126919,20,0.134267357
Choristoneura freemani,Other quarantine,26,0.056074507,7,0.681050022,27,0.033297434,4,0.640131408
Choristoneura fumiferana,Other quarantine,25,0.065574627,5,0.742543799,22,0.042736429,3,0.76304024
Chrysanthemum stem necrosis virus,Other quarantine,14,0.221569519,4,0.764157545,14,0.162089672,14,0.248989043
Chrysanthemum stunt viroid,RNQP,10,0.290325809,2,0.886157341,9,0.336503343,23,0.146766496
Chrysomyxa arctostaphyli,Other quarantine,30,0.031818534,17,0.444134548,32,0.014197551,12,0.314760356
Circulifer tenellus,Other non-quarantine,12,0.266502632,10,0.581944636,13,0.189545914,28,0.088181152
Clavibacter michiganensis subsp. Insidiosus,RNQP,14,0.221569519,9,0.599838437,17,0.086704249,37,0.040220175
Clavibacter michiganensis subsp. Michiganensis,RNQP,8,0.39570142,4,0.764157545,8,0.360627324,12,0.314760356
Coniferiporia sulphurascens,Other quarantine,32,0.021770699,9,0.599838437,33,0.007517891,4,0.640131408
Coniferiporia weirii,Other quarantine,27,0.029060581,7,0.681050022,30,0.01624753,26,0.102467212
Conoderus posticus,Other non-quarantine,7,0.529675259,26,0.122680743,15,0.108020534,57,0
Conotrachelus nenuphar,Priority,31,0.025379712,21,0.262780325,38,0.008137847,20,0.134267357
Cowpea mild mottle 'carlavirus',Other quarantine,51,0.005266906,9,0.599838437,47,0.001200474,33,0.052836155
Cronartium comptoniae,Other quarantine,28,0.039688921,15,0.467050143,31,0.014126919,7,0.408306945
Cronartium harknessii,Other quarantine,27,0.029060581,3,0.827497707,26,0.041784318,1,0.928572591
Cronartium quercuum,Other quarantine,28,0.039688921,13,0.526209707,30,0.01624753,8,0.383837189
Cryphonectria parasitica,RNQP,14,0.221569519,5,0.742543799,14,0.162089672,29,0.078944673
Cucumber green mottle mosaic virus,Other non-quarantine,4,0.919688031,1,0.930983064,2,0.95973177,9,0.329198163
Cucumber vein yellowing virus,Other non-quarantine,35,0.012289304,18,0.444269944,41,0.003625073,14,0.248989043
Curtobacterium flaccumfaciens pv.  flaccumfaciens,Other quarantine,12,0.266502632,8,0.40493129,13,0.189545914,31,0.057327926
Dacus ciliatus,Other quarantine,27,0.029060581,28,0.048997175,43,0.001961549,55,0.005340968
Davidsoniella virescens,Other quarantine,34,0.013001389,12,0.551698569,40,0.004530649,46,0.016784667
Dendroctonus rufipennis,Other quarantine,23,0.068292112,8,0.40493129,25,0.051126318,3,0.76304024
Dendroctonus valens,Other quarantine,23,0.068292112,8,0.40493129,24,0.057353535,2,0.778732805
Dendrolimus sibiricus,Priority,21,0.109024157,9,0.599838437,22,0.042736429,5,0.484011225
Diabrotica barberi,Other quarantine,26,0.056074507,22,0.289056026,32,0.014197551,34,0.043872451
Diabrotica undecimpunctata howardi,Other quarantine,17,0.114355505,13,0.526209707,21,0.048555267,18,0.162460267
Diabrotica undecimpunctata undecimpunctata,Other quarantine,27,0.029060581,19,0.368951604,32,0.014197551,18,0.162460267
Diabrotica virgifera virgifera,Other non-quarantine,24,0.076519267,21,0.262780325,30,0.01624753,52,0.005559993
Diabrotica virgifera zeae,Other quarantine,32,0.021770699,24,0.161782953,44,0.00156562,55,0.005340968
Diaporthe vaccinii,RNQP,10,0.290325809,15,0.467050143,14,0.162089672,22,0.165026865
Diplocarpon mali,Other non-quarantine,19,0.138222617,6,0.705573989,20,0.08287184,31,0.057327926
Ditylenchus destructor,RNQP,10,0.290325809,5,0.742543799,10,0.239392052,12,0.314760356
Draeculacephala minerva,Other quarantine,35,0.012289304,29,0.043175871,60,0,31,0.057327926
Drosophila suzukii,Other non-quarantine,3,0.888073302,4,0.764157545,4,0.779190903,6,0.475537291
Eotetranychus lewisi,Other quarantine,11,0.326262622,12,0.551698569,14,0.162089672,32,0.068841864
Epitrix cucumeris,Emergency measures,17,0.114355505,11,0.607432391,19,0.051875166,9,0.329198163
Epitrix papa,Emergency measures,21,0.109024157,10,0.581944636,22,0.042736429,10,0.18735877
Epitrix subcrinita,Emergency measures,24,0.076519267,10,0.581944636,26,0.041784318,12,0.314760356
Epitrix tuberis,Emergency measures,27,0.029060581,10,0.581944636,28,0.029305615,10,0.18735877
Epochra canadensis,Other quarantine,35,0.012289304,11,0.607432391,35,0.010428073,30,0.06924495
Erwinia amylovora,Protected zone,5,0.831558002,8,0.40493129,6,0.625034059,9,0.329198163
Euphorbia mosaic virus,Other quarantine,44,0.004831871,30,0.027019682,60,0,57,0
Eutetranychus orientalis,Other non-quarantine,12,0.266502632,19,0.368951604,16,0.145445891,50,0.016631473
Fusarium oxysporum f.sp. Lactucae,Other non-quarantine,7,0.529675259,2,0.886157341,5,0.645904863,15,0.218177274
Gibberella circinata,Other quarantine,14,0.221569519,27,0.091946273,29,0.029030417,16,0.199837244
Grapevine flavescence doree phytoplasma,Other quarantine,25,0.065574627,28,0.048997175,42,0.003680345,57,0
Graphocephala atropunctata,Other quarantine,33,0.013912688,26,0.122680743,57,0.000105619,31,0.057327926
Grapholita inopinata,Other quarantine,26,0.056074507,12,0.551698569,28,0.029305615,19,0.184771932
Grapholita packardi,Other quarantine,23,0.068292112,11,0.607432391,23,0.056571311,21,0.152340631
Grapholita prunivora,Other quarantine,25,0.065574627,7,0.681050022,25,0.051126318,27,0.097332883
Guignardia laricina,Other quarantine,33,0.013912688,25,0.144089069,55,0.000319149,34,0.043872451
Gymnosporangium spp. (non-European),Other quarantine,26,0.056074507,15,0.467050143,27,0.033297434,29,0.078944673
Helicoverpa armigera,Other non-quarantine,2,0.918897782,7,0.681050022,5,0.645904863,31,0.057327926
Heliothis zea,Other quarantine,14,0.221569519,15,0.467050143,18,0.067972551,32,0.068841864
Hirschmanniella spp.,Other quarantine,20,0.107879338,16,0.441297994,23,0.056571311,31,0.057327926
Homalodisca vitripennis,Other quarantine,14,0.221569519,30,0.027019682,30,0.01624753,28,0.088181152
Hydrangea ringspot virus,Other non-quarantine,5,0.831558002,7,0.681050022,5,0.645904863,40,0.026912189
Impatiens necrotic spot virus,RNQP,5,0.831558002,5,0.742543799,6,0.625034059,18,0.162460267
Ips hauseri,Other quarantine,23,0.068292112,13,0.526209707,25,0.051126318,2,0.778732805
Ips subelongatus,Other non-quarantine,25,0.065574627,10,0.581944636,25,0.051126318,13,0.262039095
Keiferia lycopersicella,Other quarantine,24,0.076519267,15,0.467050143,25,0.051126318,14,0.248989043
Lecanosticta acicola,RNQP,7,0.529675259,6,0.705573989,8,0.360627324,14,0.248989043
Leptinotarsa decemlineata,Protected zone,1,0.985171117,4,0.764157545,3,0.892476349,15,0.218177274
Lettuce infectious yellows 'closterovirus',Other quarantine,56,3.43E-05,15,0.467050143,60,0,19,0.184771932
Liriomyza huidobrensis,Other non-quarantine,1,0.985171117,2,0.886157341,2,0.95973177,14,0.248989043
Liriomyza sativae,Other quarantine,7,0.529675259,3,0.827497707,6,0.625034059,14,0.248989043
Liriomyza trifolii,Other non-quarantine,1,0.985171117,2,0.886157341,2,0.95973177,13,0.262039095
Listronotus bonariensis,Other quarantine,19,0.138222617,25,0.144089069,27,0.033297434,20,0.134267357
Little cherry virus 1,RNQP,22,0.097728675,15,0.467050143,26,0.041784318,42,0.016932861
Little cherry virus 2,RNQP,24,0.076519267,17,0.444134548,28,0.029305615,45,0.016759998
Locusta migratoria,Other non-quarantine,1,0.985171117,29,0.043175871,17,0.086704249,41,0.017080602
Longidorus diadecturus,Other quarantine,23,0.068292112,9,0.599838437,26,0.041784318,31,0.057327926
Lopholeucaspis japonica,Other quarantine,22,0.097728675,19,0.368951604,26,0.041784318,25,0.111335013
Margarodes prieskaensis,Other quarantine,32,0.021770699,26,0.122680743,53,0.000381648,43,0.016958813
Margarodes vitis,Other quarantine,26,0.056074507,25,0.144089069,34,0.011659839,44,0.016881705
Margarodes vredendalensis,Other quarantine,32,0.021770699,25,0.144089069,52,0.000387327,42,0.016932861
Melampsora farlowii,Other quarantine,49,0.005527345,7,0.681050022,49,0.00102894,44,0.016881705
Melampsora medusae f. sp. tremuloidis,Other quarantine,26,0.056074507,5,0.742543799,23,0.056571311,20,0.134267357
Meloidogyne fallax,Other quarantine,29,0.022357727,8,0.40493129,31,0.014126919,10,0.18735877
Meloidogyne chitwoodi,Other quarantine,27,0.029060581,14,0.317692347,30,0.01624753,10,0.18735877
Monilinia fructicola,Other non-quarantine,7,0.529675259,2,0.886157341,6,0.625034059,28,0.088181152
Monochamus spp.,Other quarantine,10,0.290325809,9,0.599838437,12,0.260571499,15,0.218177274
Mycodiella laricis-leptolepidis,Other quarantine,41,0.011100407,19,0.368951604,48,0.001037384,49,0.016672312
Nacobbus aberrans,Other quarantine,23,0.068292112,10,0.581944636,23,0.056571311,9,0.329198163
Naupactus leucoloma,Other quarantine,15,0.199799178,26,0.122680743,26,0.041784318,45,0.016759998
Neoleucinodes elegantalis,Other quarantine,24,0.076519267,20,0.352700607,30,0.01624753,16,0.199837244
Neonectria neomacrospora,Other non-quarantine,6,0.737464594,3,0.827497707,5,0.645904863,21,0.152340631
Non-European isolates of potato leafroll virus,Other quarantine,19,0.138222617,8,0.40493129,20,0.08287184,23,0.146766496
Non-European isolates of potato virus A,Other quarantine,23,0.068292112,6,0.705573989,22,0.042736429,13,0.262039095
Non-European isolates of potato virus M,Other quarantine,23,0.068292112,5,0.742543799,22,0.042736429,14,0.248989043
Non-European isolates of potato virus S,Other quarantine,22,0.097728675,6,0.705573989,22,0.042736429,14,0.248989043
Non-European isolates of potato virus V,Other quarantine,27,0.029060581,6,0.705573989,28,0.029305615,13,0.262039095
Non-European isolates of potato virus X,Other quarantine,22,0.097728675,5,0.742543799,21,0.048555267,13,0.262039095
Non-European isolates of potato virus Y,Other quarantine,15,0.199799178,5,0.742543799,16,0.145445891,13,0.262039095
Oemona hirta,Other quarantine,15,0.199799178,17,0.444134548,19,0.051875166,24,0.128602013
Oligonychus perditus,Other quarantine,29,0.022357727,24,0.161782953,41,0.003625073,36,0.04032673
Opogona sacchari,RNQP,10,0.290325809,8,0.40493129,10,0.239392052,31,0.057327926
Pagiocerus frontalis,Other non-quarantine,6,0.737464594,27,0.091946273,18,0.067972551,55,0.005340968
Pantoea stewartii subsp.  stewartii,Other quarantine,11,0.326262622,27,0.091946273,22,0.042736429,56,0.005376938
Parasaissetia nigra,Other non-quarantine,12,0.266502632,9,0.599838437,15,0.108020534,29,0.078944673
Pardalaspis cyanescens,Other quarantine,42,0.009465615,12,0.551698569,50,0.00088808,15,0.218177274
Peach mosaic virus,Other quarantine,48,0.005532952,28,0.048997175,60,0,52,0.005559993
Peach rosette mosaic virus,Other quarantine,39,0.01610916,6,0.705573989,36,0.008554209,40,0.026912189
Peach rosette phytoplasma,Other quarantine,47,0.005785601,23,0.183234528,60,0,48,0.016711994
Peach yellows phytoplasma,Other quarantine,40,0.012467579,6,0.705573989,40,0.004530649,35,0.039247818
Pepino mosaic virus,Emergency measures,6,0.737464594,3,0.827497707,6,0.625034059,15,0.218177274
Pepper mild mottle virus,Other non-quarantine,6,0.737464594,1,0.930983064,4,0.779190903,20,0.134267357
Pepper mild tigre virus,Other quarantine,55,0.000469615,20,0.352700607,60,0,20,0.134267357
Peronospora belbahrii,Other non-quarantine,1,0.985171117,7,0.681050022,4,0.779190903,19,0.184771932
Phialophora cinerescens,Other non-quarantine,18,0.142503749,18,0.444269944,23,0.056571311,51,0.016536163
Phoma andigena,Other quarantine,52,0.003807603,24,0.161782953,60,0,21,0.152340631
Phyllosticta solitaria,Other quarantine,29,0.022357727,19,0.368951604,36,0.008554209,28,0.088181152
Phymatotrichopsis omnivora,Other quarantine,16,0.17029895,31,0,60,0,57,0
Phytophthora kernoviae sp. nov.,Other non-quarantine,10,0.290325809,18,0.444269944,15,0.108020534,7,0.408306945
Phytophthora ramorum (EU isolates),Other non-quarantine,5,0.831558002,9,0.599838437,7,0.363068218,6,0.475537291
Phytophthora ramorum (non-EU isolates),Other quarantine,16,0.17029895,9,0.599838437,16,0.145445891,5,0.484011225
Phytoplasma pruni,RNQP,35,0.012289304,6,0.705573989,37,0.009794366,33,0.052836155
Phytoplasma prunorum,RNQP,23,0.068292112,20,0.352700607,26,0.041784318,47,0.016757489
Phytoplasma pyri,RNQP,23,0.068292112,14,0.317692347,25,0.051126318,40,0.026912189
Phytoplasma solani,RNQP,9,0.353318257,10,0.581944636,12,0.260571499,10,0.18735877
Phytoplasma ulmi,Other non-quarantine,28,0.039688921,9,0.599838437,28,0.029305615,13,0.262039095
Pissodes cibriani,Other quarantine,33,0.013912688,21,0.262780325,44,0.00156562,18,0.162460267
Pissodes fasciatus,Other quarantine,26,0.056074507,8,0.40493129,27,0.033297434,26,0.102467212
Pissodes nemorensis,Other quarantine,14,0.221569519,6,0.705573989,15,0.108020534,5,0.484011225
Pissodes nitidus,Other quarantine,24,0.076519267,13,0.526209707,27,0.033297434,15,0.218177274
Pissodes punctatus,Other quarantine,34,0.013001389,21,0.262780325,43,0.001961549,17,0.169988202
Pissodes strobi,Other quarantine,14,0.221569519,5,0.742543799,15,0.108020534,5,0.484011225
Pissodes terminalis,Other quarantine,16,0.17029895,12,0.551698569,18,0.067972551,16,0.199837244
Pissodes yunnanensis,Other quarantine,33,0.013912688,20,0.352700607,41,0.003625073,18,0.162460267
Pissodes zitacuarense,Other quarantine,33,0.013912688,21,0.262780325,45,0.001541274,17,0.169988202
Plasmopara halstedii,RNQP,7,0.529675259,2,0.886157341,7,0.363068218,37,0.040220175
Plum pox virus,RNQP,9,0.353318257,2,0.886157341,8,0.360627324,29,0.078944673
Polygraphus proximus,Other quarantine,18,0.142503749,9,0.599838437,22,0.042736429,4,0.640131408
Pomacea,Other quarantine,12,0.266502632,31,0,60,0,57,0
Popillia japonica,Priority,8,0.39570142,19,0.368951604,14,0.162089672,14,0.248989043
Potato black ringspot virus,Other quarantine,28,0.039688921,9,0.599838437,28,0.029305615,20,0.134267357
Potato spindle tuber viroid,RNQP,2,0.918897782,6,0.705573989,4,0.779190903,7,0.408306945
Potato virus T,Other quarantine,31,0.025379712,9,0.599838437,32,0.014197551,35,0.039247818
Premnotrypes spp.  (non-European),Other quarantine,30,0.031818534,10,0.581944636,32,0.014197551,12,0.314760356
Pseudocercospora pini-densiflorae,Other quarantine,28,0.039688921,27,0.091946273,42,0.003680345,20,0.134267357
Pseudomonas syringae pv. actinidiae,Emergency measures,23,0.068292112,19,0.368951604,27,0.033297434,51,0.016536163
Pseudopityophthorus minutissimus,Other quarantine,31,0.025379712,10,0.581944636,33,0.007517891,29,0.078944673
Pseudopityophthorus pruinosus,Other quarantine,34,0.013001389,20,0.352700607,45,0.001541274,30,0.06924495
Pterandrus rosa,Other quarantine,31,0.025379712,25,0.144089069,51,0.000625406,16,0.199837244
Puccinia horiana,RNQP,7,0.529675259,18,0.444269944,10,0.239392052,19,0.184771932
Puccinia pittieriana,Other quarantine,57,0,16,0.441297994,60,0,22,0.165026865
Radopholus similis,Other non-quarantine,7,0.529675259,18,0.444269944,9,0.336503343,26,0.102467212
Ralstonia pseudosolanacearum,Other quarantine,6,0.737464594,12,0.551698569,8,0.360627324,13,0.262039095
Ralstonia solanacearum,Other quarantine,5,0.831558002,7,0.681050022,5,0.645904863,8,0.383837189
Ralstonia syzygii subsp. Indonesiensis,Other quarantine,24,0.076519267,21,0.262780325,29,0.029030417,14,0.248989043
Raspberry leaf curl virus,Other quarantine,27,0.029060581,11,0.607432391,30,0.01624753,21,0.152340631
Rhacochlaena japonica,Other quarantine,44,0.004831871,21,0.262780325,60,0,57,0
Rhagoletis cingulata,Other non-quarantine,24,0.076519267,15,0.467050143,26,0.041784318,48,0.016711994
Rhagoletis completa,Other non-quarantine,27,0.029060581,26,0.122680743,39,0.007728808,46,0.016784667
Rhagoletis fausta,Other quarantine,28,0.039688921,7,0.681050022,30,0.01624753,39,0.039984359
Rhagoletis indifferens,Other quarantine,32,0.021770699,12,0.551698569,35,0.010428073,42,0.016932861
Rhagoletis mendax,Other quarantine,26,0.056074507,14,0.317692347,27,0.033297434,17,0.169988202
Rhagoletis pomonella,Priority,23,0.068292112,5,0.742543799,24,0.057353535,20,0.134267357
Rhagoletis ribicola,Other quarantine,25,0.065574627,11,0.607432391,26,0.041784318,27,0.097332883
Rhagoletis suavis,Other quarantine,31,0.025379712,26,0.122680743,44,0.00156562,46,0.016784667
Rhizoecus hibisci,Other quarantine,18,0.142503749,22,0.289056026,23,0.056571311,32,0.068841864
Saperda candida,Other quarantine,22,0.097728675,16,0.441297994,25,0.051126318,29,0.078944673
Scaphoideus luteolus,Other non-quarantine,53,0.001917169,14,0.317692347,58,1.71E-05,31,0.057327926
Scirtothrips citri,Other quarantine,28,0.039688921,20,0.352700607,37,0.009794366,40,0.026912189
Scirtothrips dorsalis,Other quarantine,8,0.39570142,7,0.681050022,8,0.360627324,20,0.134267357
Scolytus morawitzi,Other non-quarantine,20,0.107879338,8,0.40493129,21,0.048555267,34,0.043872451
Scrobipalpa ocellatella,Other non-quarantine,20,0.107879338,24,0.161782953,28,0.029305615,29,0.078944673
Septoria lycopersici var. malagutii,Other quarantine,29,0.022357727,20,0.352700607,34,0.011659839,19,0.184771932
Sphaeropsis sapinea,Other non-quarantine,1,0.985171117,1,0.930983064,1,0.991156148,5,0.484011225
Sphaerulina musiva,Other quarantine,28,0.039688921,14,0.317692347,31,0.014126919,23,0.146766496
Spodoptera eridania,Other quarantine,6,0.737464594,16,0.441297994,9,0.336503343,27,0.097332883
Spodoptera frugiperda,Priority,6,0.737464594,15,0.467050143,9,0.336503343,27,0.097332883
Spodoptera littoralis,Other non-quarantine,2,0.918897782,16,0.441297994,8,0.360627324,27,0.097332883
Spodoptera litura,Other quarantine,2,0.918897782,16,0.441297994,8,0.360627324,27,0.097332883
Squash leaf curl virus,Other quarantine,30,0.031818534,17,0.444134548,32,0.014197551,35,0.039247818
Squash vein yellowing virus,Other quarantine,50,0.005280894,18,0.444269944,56,0.000236671,40,0.026912189
Stagonosporopsis chrysanthemi,Other non-quarantine,13,0.270037616,7,0.681050022,14,0.162089672,41,0.017080602
Stegophora ulmea,Other quarantine,34,0.013001389,6,0.705573989,34,0.011659839,35,0.039247818
Strauzia longipennis,Other non-quarantine,26,0.056074507,14,0.317692347,28,0.029305615,39,0.039984359
Strawberry crinkle virus,RNQP,8,0.39570142,21,0.262780325,15,0.108020534,29,0.078944673
Strawberry latent C virus,Other non-quarantine,32,0.021770699,22,0.289056026,42,0.003680345,30,0.06924495
Strawberry mild yellow edge virus,RNQP,9,0.353318257,22,0.289056026,16,0.145445891,33,0.052836155
Strawberry vein banding virus,RNQP,11,0.326262622,22,0.289056026,18,0.067972551,30,0.06924495
Strawberry witches' broom phytoplasma,Other quarantine,20,0.107879338,19,0.368951604,26,0.041784318,27,0.097332883
Synchytrium endobioticum,Other quarantine,12,0.266502632,3,0.827497707,12,0.260571499,8,0.383837189
Tecia solanivora,Other quarantine,31,0.025379712,31,0,60,0,57,0
Tetropium gracilicorne,Other non-quarantine,21,0.109024157,3,0.827497707,18,0.067972551,8,0.383837189
Thaumatotibia leucotreta,Other quarantine,10,0.290325809,13,0.526209707,13,0.189545914,24,0.128602013
Thecaphora solani,Other quarantine,26,0.056074507,20,0.352700607,31,0.014126919,9,0.329198163
Thrips palmi,Other quarantine,7,0.529675259,6,0.705573989,8,0.360627324,16,0.199837244
Thrips setosus,Other non-quarantine,9,0.353318257,5,0.742543799,9,0.336503343,20,0.134267357
Tilletia indica,Other quarantine,17,0.114355505,9,0.599838437,19,0.051875166,19,0.184771932
Tobacco ringspot virus,Other quarantine,6,0.737464594,23,0.183234528,13,0.189545914,38,0.040125707
Tobacco streak virus black raspberry latent strain,Other quarantine,31,0.025379712,9,0.599838437,31,0.014126919,54,0.005426822
Tomato apical stunt viroid,Other non-quarantine,3,0.888073302,5,0.742543799,5,0.645904863,11,0.348161749
Tomato brown rugose fruit virus,Emergency measures,5,0.831558002,1,0.930983064,4,0.779190903,11,0.348161749
Tomato chlorotic dwarf viroid,Other non-quarantine,3,0.888073302,8,0.40493129,6,0.625034059,11,0.348161749
Tomato chocolate virus,Other quarantine,20,0.107879338,5,0.742543799,20,0.08287184,24,0.128602013
Tomato Leaf Curl New Delhi Virus,Other quarantine,30,0.031818534,14,0.317692347,31,0.014126919,11,0.348161749
Tomato marchitez virus,Other quarantine,20,0.107879338,5,0.742543799,20,0.08287184,24,0.128602013
Tomato mild mottle virus,Other quarantine,54,0.000738497,15,0.467050143,59,2.86E-06,24,0.128602013
Tomato mottle bigeminivirus,Other quarantine,35,0.012289304,16,0.441297994,43,0.001961549,17,0.169988202
Tomato ringspot virus,Other quarantine,11,0.326262622,17,0.444134548,15,0.108020534,18,0.162460267
Tomato spotted wilt virus,RNQP,3,0.888073302,6,0.705573989,4,0.779190903,13,0.262039095
Tomato torrado virus,Other non-quarantine,13,0.270037616,5,0.742543799,13,0.189545914,24,0.128602013
Tomato yellow leaf curl virus,RNQP,25,0.065574627,12,0.551698569,27,0.033297434,14,0.248989043
Venturia nashicola,Other quarantine,46,0.005805279,26,0.122680743,60,0,44,0.016881705
Viteus vitifoliae,RNQP,8,0.39570142,6,0.705573989,7,0.363068218,46,0.016784667
Xanthomonas arboricola pv. pruni,RNQP,7,0.529675259,14,0.317692347,8,0.360627324,45,0.016759998
Xanthomonas axonopodis pv. allii,RNQP,5,0.831558002,12,0.551698569,7,0.363068218,40,0.026912189
Xanthomonas axonopodis pv. phaseoli,Other non-quarantine,8,0.39570142,23,0.183234528,16,0.145445891,31,0.057327926
Xanthomonas euvesicatoria,RNQP,18,0.142503749,5,0.742543799,18,0.067972551,14,0.248989043
Xanthomonas fragariae,RNQP,6,0.737464594,10,0.581944636,8,0.360627324,19,0.184771932
Xanthomonas gardneri,RNQP,22,0.097728675,5,0.742543799,22,0.042736429,14,0.248989043
Xanthomonas perforans,RNQP,21,0.109024157,5,0.742543799,21,0.048555267,14,0.248989043
Xanthomonas vesicatoria,RNQP,15,0.199799178,5,0.742543799,16,0.145445891,14,0.248989043
Xiphinema americanum,Other quarantine,13,0.270037616,24,0.161782953,20,0.08287184,26,0.102467212
Xiphinema bricolense,Other quarantine,13,0.270037616,24,0.161782953,19,0.051875166,27,0.097332883
Xiphinema californicum,Other quarantine,13,0.270037616,23,0.183234528,19,0.051875166,25,0.111335013
Xiphinema inaequale,Other quarantine,13,0.270037616,22,0.289056026,20,0.08287184,26,0.102467212
Xiphinema intermedium,Other quarantine,15,0.199799178,23,0.183234528,21,0.048555267,25,0.111335013
Xiphinema rivesi (non-EU populations),Other quarantine,13,0.270037616,23,0.183234528,20,0.08287184,27,0.097332883
Xiphinema tarjanense,Other quarantine,18,0.142503749,23,0.183234528,27,0.033297434,25,0.111335013
Xylella fastidiosa,Priority,7,0.529675259,28,0.048997175,21,0.048555267,33,0.052836155
Xylophilus ampelinus,RNQP,26,0.056074507,23,0.183234528,33,0.007517891,44,0.016881705
Xylosandrus crassiusculus,Other non-quarantine,11,0.326262622,20,0.352700607,17,0.086704249,20,0.134267357
Xyphon fulgidum,Other quarantine,44,0.004831871,29,0.043175871,60,0,31,0.057327926
Callidiellum villosulum,Other non-quarantine,23,0.068292112,28,0.048997175,33,0.007517891,53,0.005465422
Thekopsora minima,Other non-quarantine,6,0.737464594,2,0.886157341,5,0.645904863,27,0.097332883
